19-05-2023 18:23:51,Sleep
19-05-2023 18:23:54,Sleep
13-03-2024 13:06:04,Sleep
13-03-2024 13:06:06,Sleep
13-03-2024 13:06:07,Sleep
13-03-2024 13:06:08,Sleep
13-03-2024 13:06:14,Sleep
13-03-2024 13:06:24,Sleep
13-03-2024 13:06:24,Sleep
13-03-2024 13:06:28,Sleep
13-03-2024 13:06:28,Sleep
13-03-2024 13:06:29,Sleep
13-03-2024 13:06:52,Sleep
13-03-2024 13:06:55,Sleep
13-03-2024 14:45:50,Sleep
13-03-2024 14:46:10,Sleep
13-03-2024 14:46:12,Sleep
13-03-2024 14:46:19,Sleep
13-03-2024 14:46:20,Sleep
13-03-2024 14:46:23,Sleep
13-03-2024 14:46:26,Sleep
13-03-2024 14:46:27,Sleep
13-03-2024 14:46:30,Sleep
13-03-2024 14:46:32,Sleep
13-03-2024 14:46:34,Sleep
13-03-2024 14:46:35,Sleep
13-03-2024 14:46:42,Sleep
13-03-2024 14:46:43,Sleep
13-03-2024 14:46:44,Sleep
13-03-2024 14:46:45,Sleep
13-03-2024 14:46:54,Sleep
13-03-2024 14:47:07,Sleep
13-03-2024 14:57:33,Sleep
13-03-2024 14:58:03,Sleep
13-03-2024 14:58:04,Sleep
13-03-2024 14:58:10,Sleep
13-03-2024 14:58:18,Sleep
13-03-2024 14:58:23,Sleep
13-03-2024 14:58:24,Sleep
13-03-2024 14:58:25,Sleep
13-03-2024 14:58:45,Sleep
14-03-2024 15:48:34,Sleep
14-03-2024 15:48:35,Sleep
09-04-2024 21:31:03,Sleep
09-04-2024 21:31:11,Sleep
09-04-2024 21:31:13,Sleep
10-04-2024 10:49:21,Sleep
10-04-2024 10:49:23,Sleep
10-04-2024 10:49:27,Sleep
10-04-2024 10:49:32,Sleep
10-04-2024 10:49:57,Sleep
10-04-2024 11:42:25,Sleep
10-04-2024 11:42:26,Sleep
29-04-2024 17:18:27,Sleep
29-04-2024 17:18:27,Sleep
29-04-2024 17:18:29,Sleep
29-04-2024 17:19:40,Sleep
29-04-2024 17:19:41,Sleep
29-04-2024 23:20:27,Sleep
29-04-2024 23:20:44,Sleep
29-04-2024 23:20:47,Sleep
29-04-2024 23:20:50,Sleep
29-04-2024 23:21:55,Sleep
29-04-2024 23:21:59,Sleep
29-04-2024 23:22:00,Sleep
29-04-2024 23:22:02,Sleep
29-04-2024 23:22:39,Sleep
29-04-2024 23:22:40,Sleep
29-04-2024 23:34:47,Sleep
29-04-2024 23:37:03,Sleep
29-04-2024 23:39:12,Sleep
29-04-2024 23:39:17,Sleep
29-04-2024 23:39:18,Sleep
29-04-2024 23:39:44,Sleep
30-04-2024 00:05:52,Sleep
30-04-2024 00:05:54,Sleep
30-04-2024 00:06:10,Sleep
30-04-2024 00:06:11,Sleep
30-04-2024 00:06:12,Sleep
30-04-2024 00:07:59,Sleep
30-04-2024 00:08:00,Sleep
30-04-2024 00:08:04,Sleep
30-04-2024 00:36:40,Sleep
30-04-2024 11:20:38,Sleep
30-04-2024 11:20:49,Sleep
30-04-2024 11:20:49,Sleep
30-04-2024 11:21:01,Sleep
30-04-2024 11:21:13,Sleep
30-04-2024 11:21:15,Sleep
30-04-2024 11:24:41,Sleep
30-04-2024 11:26:39,Sleep
30-04-2024 11:26:47,Sleep
30-04-2024 11:28:37,Sleep
30-04-2024 11:29:16,Sleep
30-04-2024 11:41:04,Sleep
30-04-2024 11:41:11,Sleep
30-04-2024 11:41:45,Sleep
30-04-2024 11:43:05,Yawn
30-04-2024 11:43:32,Sleep
30-04-2024 11:50:06,Sleep
30-04-2024 11:50:18,Yawn
30-04-2024 13:09:31,Yawn
30-04-2024 13:09:41,Sleep
30-04-2024 13:12:00,Yawn
30-04-2024 13:12:04,Sleep
06-05-2024 18:22:38,Sleep
06-05-2024 18:23:28,Sleep
06-05-2024 18:23:32,Sleep
06-05-2024 18:23:34,Sleep
06-05-2024 18:23:53,Sleep
06-05-2024 18:24:07,Sleep
06-05-2024 18:24:09,Sleep
